inverse_theta,profile,noise_profile
8.800631733209395,0.004879725862350203,0.002440407826681867
4.400315866604697,0.00665984697818545,0.002067586530321737
2.9335439110697985,0.00488746028305799,0.0026055104604437917
2.2001579333023487,0.009916274502808537,0.0054204629585848894
1.7601263466418793,0.011749068475790712,0.005489650142267335
1.4667719555348995,0.006618814907862364,0.004525211036494007
1.2572331047441994,0.01170034741614087,0.004560117347783171
1.1000789666511743,0.00883730412992219,0.004302388522710739
0.9778479703565995,0.007070813638645741,0.004233521261803949
0.8800631733209396,0.005018712129690495,0.003383823934193822
0.8000574302917632,0.004138905427137693,0.003707826191207913
0.7333859777674496,0.004657766537903008,0.003981811736201563
0.6769716717853381,0.00536760266211493,0.0038330536815032084
0.6286165523720997,0.005752904865863997,0.004066901914461491
0.5867087822139596,0.005588750237958185,0.0036604495075713605
0.5500394833255872,0.004290559650798464,0.003463012498228951
0.5176842196005527,0.0037253920992315567,0.0037097934729693246
0.48892398517829977,0.003852854095473313,0.0033460342755376685
0.4631911438531261,0.004925159025261178,0.0029166353028020897
0.4400315866604697,0.0036150345854371736,0.0029277263127320094
0.4190777015813998,0.00336286479192355,0.003316820821281621
0.40002871514588156,0.00410722429157623,0.0031753058608475658
0.3826361623134519,0.003679042445882181,0.0027796510248437366
0.3666929888837248,0.0031032928225809154,0.0030289087619535153
0.3520252693283758,0.00340469503419113,0.0030684347388736234
0.338485835892669,0.0030104397457047668,0.0028549230732092088
0.32594932345219985,0.003230366484751586,0.0028753428150424423
0.31430827618604984,0.0034793658341000316,0.0031441771214310056
0.3034700597658411,0.0033006106725978718,0.0029091235604738266
0.2933543911069798,0.0033640749141294075,0.0030721158350416524
0.2838913462325611,0.003086137207697363,0.002780078071417393
0.2750197416627936,0.002939448839473029,0.002627508271838418
0.2666858100972544,0.0028131175092875327,0.002499342646904047
0.25884210980027633,0.002743918378861343,0.0026315893666430624
0.25144662094883985,0.002688778509100689,0.0024634375669057044
0.24446199258914983,0.002776888536218408,0.0024984205142519773
0.23785491170836204,0.002513230604950571,0.002386974966972913
0.23159557192656305,0.002566189344453931,0.002349304297339118
0.225657223928446,0.0026712709188225453,0.0023428708827579817
0.2200157933302349,0.0024714666262604596,0.0022114676081116265
0.21464955446852185,0.002256969675250718,0.0023082176843808567
0.2095388507906999,0.002166056198421185,0.002107243733085523
0.20466585426068362,0.0021723955553650696,0.0022126116163941173
0.2000143575729408,0.0022988156568220968,0.0020100317725146094
0.19556959407131988,0.002065595910251684,0.0019288360952724258
0.191318081156726,0.0021954920549258116,0.0020242764860208726
0.1872474836853063,0.0020880467024824755,0.0020460256755239284
0.1833464944418624,0.0020372500234044646,0.0019785822205910827
0.17960472924917134,0.002015781794057736,0.0017758906759988776
0.17601263466418793,0.0016765668907626828,0.0018040549412461115
0.17256140653351756,0.0019232148707096486,0.0018411406218663304
0.16924291794633453,0.0019813608547514846,0.001669667843232494
0.1660496553435735,0.0017328485544594984,0.0016600658991561244
0.16297466172609992,0.0016923823625013567,0.0017110357545101716
0.16001148605835264,0.0017433562712677916,0.0016947908608847923
0.15715413809302492,0.0019146668240945966,0.0014579064959799465
0.15439704795104203,0.0016906178657608776,0.0015258612621711861
0.1517350298829206,0.001557902184348738,0.001476184911883171
0.14916324971541348,0.0015486384490355242,0.0014361634144139197
0.14667719555348993,0.0015322021562948508,0.0013472035535265243
0.14427265136408843,0.0014782315417961132,0.0013867900169201087
0.1419456731162806,0.0014287126517235735,0.0013959717018160016
0.13969256719379994,0.001380930090938488,0.0013409590969597114
0.1375098708313968,0.0013353778147291067,0.0013253434579715625
0.13539433435706763,0.0012716268847737435,0.0012026435072288828
0.13334290504862722,0.0013495385343809299,0.0012798887819531009
0.1313527124359611,0.0012458061648480032,0.001186198735535013
0.12942105490013817,0.0012809094569498109,0.001262313348200251
0.12754538743781732,0.0011457470801592283,0.0012133629799649065
0.12572331047441992,0.001196055092149213,0.001161968077881411
0.12395255962266755,0.0010837430954181416,0.0011129717814624535
0.12223099629457494,0.0012007557687437303,0.0010650493023168501
0.12055659908506021,0.001083404566466052,0.001030421650860023
0.11892745585418102,0.0010170478811334517,0.0010695936708949476
0.11734175644279195,0.0011023464056516483,0.0010691891021403527
0.11579778596328152,0.0010538114798321874,0.0010666495162240893
0.11429391861310903,0.0010341698721102286,0.0009985848015863917
0.11282861196422302,0.0010550080901138965,0.000942298062015101
0.11140040168619487,0.0009995364522816005,0.0009511341222757003
0.11000789666511743,0.0009522954075815343,0.000980758047615588
0.10864977448406661,0.0008920130185291583,0.0009250903924419709
0.10732477723426091,0.0009101807632714813,0.0009240876219038318
0.10603170762902885,0.0009613531292796869,0.0009323450444000956
0.10476942539534995,0.0008512252511782662,0.0009083362438447224
0.10353684392011053,0.0008599066574811778,0.0008101933630078257
0.10233292713034178,0.0008709552182046663,0.0008522035387675505
0.10115668658861374,0.0008332828867079888,0.0008756413171118499
0.10000717878647039,0.0008779206106320268,0.0008554447971627765
0.09888350262033027,0.0008484031967730611,0.0008240102206798835
0.09778479703565994,0.000811856192354576,0.0008796568402367283
0.09671023882647686,0.0008899417076073523,0.0007942788220496971
0.09565904057836297,0.0008262869800699595,0.0008654768605066924
0.09463044874418704,0.0007864306582691958,0.0007888517997029259
0.09362374184265314,0.0007759163932522389,0.0008456911042413702
0.09263822877062519,0.0007593469858060186,0.000772042604025426
0.0916732472209312,0.0007796734567487052,0.0007401092727956083
0.09072816219803499,0.0007643564769453522,0.0007892108007301388
0.08980236462458566,0.0008061778331646096,0.0007562520901930473
0.08889527003241814,0.0007671699061089082,0.0007362896251326788
0.08800631733209395,0.0007457726986017641,0.0007044277002944509
0.08713496765553855,0.0007224655890345645,0.0007530367360099378
0.08628070326675878,0.0007394162998287098,0.0007009824801666531
0.08544302653601354,0.0007094798979564841,0.000718034106925406
0.08462145897316725,0.0006945492381935396,0.0006801558817425465
0.08381554031627995,0.0006540988313591218,0.0006677313845770352
0.08302482767178675,0.0006829252439659448,0.0006413209269310334
0.08224889470289153,0.0006933349272661757,0.0006496394803231438
0.08148733086304996,0.0006894612024401231,0.0006689161388649273
0.08073974067164583,0.0006667482348876329,0.0006361478640395558
0.0800057430291763,0.0006541157823770167,0.0006602427024212607
0.07928497056945401,0.0006588124177466941,0.0006644661874293984
0.07857706904651246,0.0006246244924166495,0.0006019107535752559
0.07788169675406542,0.0006383773147826052,0.0006500518381309657
0.07719852397552102,0.000623850079456868,0.0006025130315752899
0.07652723246269039,0.0006124645454790936,0.0006007657307440576
0.0758675149414603,0.0005662572885649624,0.0005854949320672675
0.07521907464281534,0.0006099132353165659,0.0005912307576815564
0.07458162485770674,0.000596166554752547,0.0005744384853746159
0.07395488851436466,0.0005994079188049031,0.0005959467486712598
0.07333859777674495,0.0005882733273219873,0.0005768216095593274
0.07273249366288756,0.0005644045124478928,0.0005450421459811624
0.07213632568204421,0.0005671194453192692,0.0005600435244588249
0.07154985148950728,0.0006104453901223519,0.0005800642919691261
0.07097283655814028,0.0005998314908255482,0.0005373933602170151
0.07040505386567515,0.0005652482382916675,0.0005734341236407186
0.06984628359689996,0.0005464349406372509,0.0005606479689737986
0.0692963128599165,0.0005277010391099766,0.0005669143658517303
0.0687549354156984,0.0005414251860034586,0.00052199796078884
0.06822195142022787,0.0005406121950562761,0.0005497048116264408
0.0676971671785338,0.0005316370778850782,0.0005389041353497505
0.06718039490999538,0.0005151311428916382,0.0005319395960730536
0.0666714525243136,0.0005396400301813187,0.0005512999656444844
0.06617016340758944,0.0005300341068169791,0.0005239617379999436
0.06567635621798056,0.0005247324489571057,0.000539052650769609
0.06518986469043996,0.0005024074116927956,0.0005147762877699856
0.06471052745006908,0.0005276394599050498,0.0004991985869833446
0.06423818783364521,0.0005121460063407477,0.0005008704829299993
0.06377269371890866,0.0005159335242859513,0.0005334709394264713
0.06331389736121866,0.0005267365206289088,0.0004929772391629056
0.06286165523720996,0.0005138594727560621,0.0004996665209616621
0.06241582789510209,0.0004945050446802407,0.00047582700386070967
0.061976279811333766,0.0004990564283710115,0.0004886675016809079
0.06154287925321255,0.0004850033706442354,0.0004614515031010017
0.06111549814728746,0.0004772170795151912,0.00043691878863969544
0.060694011953168245,0.00048186569445237364,0.00045504826962737696
0.060278299542530105,0.00047474044684218914,0.00045667972185799984
0.059868243083057104,0.0004626817236147341,0.00043778410099619896
0.05946372792709051,0.00046992945671449365,0.0004303769030448813
0.059064642504761046,0.0004513273555932418,0.00041985295361260454
0.05867087822139596,0.00044686409179717755,0.00040683749188776913
0.05828232935900262,0.0004518349894765635,0.0004132668929948851
0.05789889298164076,0.00042724608493688516,0.00040625289046505864
0.057520468844505845,0.0004239397699283433,0.0004030574216631425
0.057146959306554515,0.0004179595307166767,0.00039658005606479436
0.05677826924651223,0.0004153736392457463,0.0003931401962069483
0.0564143059821115,0.0004045574523079974,0.0003881433474387196
0.05605497919241653,0.0003932629292368573,0.0003846457685583358
0.05570020084309744,0.0003802023771958632,0.0003866593345788111
0.05534988511452449,0.0003880529117982106,0.0003718492230359451
0.055003948332558714,0.0003812987217109409,0.0003763277615907548
0.05466230890192171,0.0003869590482160007,0.00036222696430448175
0.054324887242033305,0.0003819430186641239,0.00038059509299106625
0.053991605725211014,0.0003824740006129976,0.00035307316837468087
0.053662388617130456,0.00036066320855051285,0.0003439466694604478
0.05333716201945087,0.00038390995405697707,0.0003463731907767683
0.05301585381451442,0.0003614222782943001,0.00034944721097262903
0.05269839361203231,0.000368764180161986,0.0003300445474368965
0.05238471269767497,0.0003591130567941059,0.00033167974942768406
0.05207474398348755,0.0003318463483670939,0.00033184254148167634
0.051768421960055266,0.00033502862200892746,0.0003193001131457841
0.05146568265034734,0.0003345681930879361,0.0003252659417747959
0.05116646356517089,0.000344854535377229,0.0003022646688879356
0.05087070366016992,0.0003202293690786714,0.0003067035191788862
0.05057834329430687,0.00032887824394103556,0.0002965236260404203
0.05028932418976797,0.00031609617558720485,0.0002847340797044356
0.050003589393235195,0.00033266406242347566,0.0002828899749986899
0.04972108323847116,0.0003116027694591064,0.00027825517442926274
0.049441751310165136,0.00029600128114459567,0.00027050169724111573
0.049165540408991036,0.0002937843438256573,0.0002683546531264766
0.04889239851782997,0.0002942382311484377,0.0002829762559818009
0.048622274769112676,0.00028540905114244627,0.0002754584879244983
0.04835511941323843,0.00027658412684113896,0.0002656398557273336
0.04809088378802948,0.0002722500695330914,0.0002588469049048341
0.047829520289181485,0.0002683269371904534,0.00025940986352812894
0.04757098234167241,0.0002651154039974039,0.00024992099091406136
0.04731522437209352,0.00026530426993558106,0.00024978809497823754
0.04706220178186842,0.00026422584961146683,0.00025374705939817043
0.04681187092132657,0.00026104913947866946,0.0002432299332021896
0.04656418906459997,0.0002627196179219032,0.00022407745968761083
0.046319114385312596,0.00025927720223587754,0.00021750011605067363
0.04607660593303348,0.0002439340462611199,0.0002197124788187678
0.0458366236104656,0.00025433376307245465,0.00020503992266542045
0.045599128151344016,0.00024589973213532827,0.00019653840541624117
0.045364081099017496,0.00023494426909179204,0.0001861424776301694
0.0451314447856892,0.00024711667133107176,0.00018396654685152734
0.044901182312292835,0.0002339710476379294,0.00016792698002618606
0.04467325752898171,0.00022057880911038725,0.00016289759985709911
0.04444763501620907,0.00021510550079388427,0.00014866715971229076
0.044224280066378865,0.00020764726355240376,0.00013271542393016072
0.044003158666046975,0.00020193194390659227,0.00012279152160279936
0.043784237478653704,0.00019637063274924996,0.0001162331161865825
0.04356748382776929,0.00019409706927842025,9.766622592970695e-05
0.043352865680834456,0.00017023199806177173,8.949467414131895e-05
0.04314035163337939,0.00016184705869770158,7.886341251565428e-05
0.04292991089370436,0.00014699042814386652,7.478437046705629e-05
0.04272151326800677,0.00014137023724661874,6.0845168655575404e-05
0.04251512914593911,0.00012599616962008045,5.423756335804967e-05
0.04231072948658363,0.00012151555798890416,5.476995954057251e-05
0.042108285804829636,0.00011516694124851834,4.8982203518295735e-05
0.04190777015813998,9.947863503577872e-05,4.6769202790346505e-05
0.04170915513369381,8.626290735541431e-05,4.8177915868607154e-05
0.04151241383589337,7.89106426020237e-05,4.722292441889542e-05
0.04131751987422251,7.539466841012192e-05,5.122859742905191e-05
0.04112444735144577,6.098233039149254e-05,4.7130105337217625e-05
0.04093317085213673,5.455405711189683e-05,5.244188291870729e-05
0.04074366543152498,5.228201176419838e-05,5.393591561863808e-05
0.04055590660465159,4.8639399561182175e-05,5.518727951703047e-05
0.04036987033582291,4.6654138548562865e-05,5.8369494475608784e-05
0.0401855330283534,4.4304186623029965e-05,5.965175498970663e-05
0.04000287151458816,4.4502470447520846e-05,5.812792493911193e-05
0.039821863046196365,4.7219548215373775e-05,6.411782246019784e-05
0.039642485284727004,4.6826512694989465e-05,6.858658808669635e-05
0.03946471629241881,4.731476577822969e-05,6.620191190963175e-05
0.03928853452325623,5.115380152376254e-05,6.650908283476293e-05
0.03911391881426397,5.291514760973424e-05,6.998038282250624e-05
0.038940848377032725,5.399047967547808e-05,6.940530956108677e-05
0.038769302789468704,5.4633007373952655e-05,7.602850199762912e-05
0.03859926198776051,5.447705852052478e-05,7.343577009534115e-05
0.0384307062585563,5.816549443020562e-05,7.342348884093569e-05
0.03826361623134519,6.176060831149909e-05,7.007861639258604e-05
0.03809797287103635,6.336260392987728e-05,7.532652828876464e-05
0.03793375747073015,6.443146717608759e-05,7.494345971448666e-05
0.03777095164467552,6.684785677670729e-05,7.491390416519976e-05
0.03760953732140767,6.595725002247213e-05,7.074153204004615e-05
0.03744949673706125,6.80582425096809e-05,6.620297320916748e-05
0.03729081242885337,6.966765382684458e-05,6.308976650264246e-05
0.03713346722873163,7.307886173194584e-05,6.579177079650249e-05
0.03697744425718233,7.146861684821942e-05,6.310486611002285e-05
0.036822726917194126,7.033495292207702e-05,6.309131154361787e-05
0.036669298888372476,7.0797964111125e-05,5.905044296369144e-05
0.03651714412120081,6.857220949123788e-05,5.071632228459527e-05
0.03636624683144378,7.012258246036986e-05,5.363704635829877e-05
0.03621659149468887,7.294822082220717e-05,4.9891558781288405e-05
0.03606816284102211,6.782013922131248e-05,4.8799525335153727e-05
0.03592094584983427,6.525188989575529e-05,4.817294107708242e-05
0.03577492574475364,6.0004102032962615e-05,4.615394685429702e-05
0.035630087988702,6.185931770779732e-05,4.4640666701999603e-05
0.03548641827907014,6.0599259882528055e-05,4.338075154870919e-05
0.03534390254300962,5.755198022144113e-05,4.390039013798329e-05
0.035202526932837576,5.6419930753953724e-05,4.54115814425388e-05
0.03506227782155138,4.8477683916107886e-05,4.856599183554928e-05
0.03492314179844998,5.08650230562964e-05,4.956084580663095e-05
0.03478510566485926,4.721625449046205e-05,5.6090101289093446e-05
0.03464815642995825,4.732608030039004e-05,5.85386177245589e-05
0.03451228130670351,4.462214335837094e-05,5.9076742777247e-05
0.0343774677078492,4.267197978284784e-05,6.045185268553482e-05
0.03424370324205991,4.1348075445168075e-05,6.28097447615995e-05
0.034110975710113935,4.303102427270635e-05,6.487338219022234e-05
0.03397927310119457,4.3336021022653995e-05,6.57998903087887e-05
0.03384858358926691,4.2088793184511054e-05,6.979793840335738e-05
0.03371889552953791,4.418711280721947e-05,7.401999620775328e-05
0.03359019745499769,4.61537395368272e-05,7.381511941419786e-05
0.03346247807303952,5.107076386501556e-05,7.505994938551613e-05
0.0333357262621568,5.266008526813333e-05,7.646080114671167e-05
0.03320993106871469,5.3318447847275154e-05,7.852089389102781e-05
0.03308508170379472,5.656041512308097e-05,7.525879126570174e-05
0.032961167540110095,5.925289508836098e-05,7.293014822253282e-05
0.03283817810899028,6.206985388875069e-05,7.647400605825827e-05
0.0327161030974327,6.259497261511444e-05,7.502297945272079e-05
0.03259493234521998,6.384752754895027e-05,7.06129240406675e-05
0.03247465584210109,6.695927627486782e-05,6.942336762541247e-05
0.03235526372503454,7.276322305440326e-05,6.059553245463608e-05
0.03223674627549229,6.937998348952948e-05,5.535601664677124e-05
0.032119093916822605,7.588260733076688e-05,5.8147442384735836e-05
0.03200229721167053,7.472079384589869e-05,5.121391436447848e-05
0.03188634685945433,7.520342431037021e-05,4.2350709650729225e-05
0.031771233693896735,7.176515608288493e-05,3.757440405507696e-05
0.03165694868060934,6.854496086598611e-05,3.575153785156651e-05
0.03154348291472901,7.315492492178841e-05,3.041399798025419e-05
0.03143082761860498,7.365517425857651e-05,2.5122646274784462e-05
0.031318974139535216,6.908777213045121e-05,2.234219539119237e-05
0.031207913947551045,6.805448130563637e-05,1.4370411369097216e-05
0.031097638633248745,5.776580600437222e-05,1.320110966872606e-05
0.030988139905666887,5.578096585472408e-05,9.551248029547273e-06
0.030879409590208403,5.7804646374188424e-05,1.1252195386496995e-05
0.030771439626606275,5.2882275693480685e-05,4.6517152007543175e-06
0.03066422206693169,4.3816664398735466e-05,3.7328016354064684e-06
0.03055774907364373,3.600171960273429e-05,3.134301066061167e-06
0.03045201291767957,3.5641688797955135e-05,2.8125869282140664e-06
0.030347005976584122,3.085663437082599e-05,2.4775075346394404e-06
0.030242720732678332,2.7238583902407337e-05,2.289942043024623e-06
0.030139149771265052,2.0785760784848722e-05,2.113283605552395e-06
0.030036285778871654,1.740957805456482e-05,1.8991122776635657e-06
0.029934121541528552,1.4369245212838508e-05,1.8268724476244964e-06
0.029832649943082695,9.751689822152537e-06,1.6718683927424523e-06
0.029731863963545255,1.126552657631422e-05,1.5675834869843976e-06
0.02963175667747271,7.399510748434633e-06,1.5123023073646882e-06
0.029532321252380523,4.099171634045676e-06,1.4123456388700405e-06
0.02943355094718861,3.397410098740374e-06,1.3472521557608683e-06
0.02933543911069798,2.937533464953277e-06,1.2777280772074163e-06
0.029237979180097656,2.6174195755596847e-06,1.215801287150245e-06
0.02914116467950131,2.4142917162825883e-06,1.183594803484935e-06
0.029044989218512854,2.186086095694634e-06,1.1316338810340948e-06
0.02894944649082038,2.043185405331152e-06,1.1067226866651426e-06
0.02885453027281769,1.8829172920867354e-06,1.0489400212374539e-06
0.028760234422252923,1.7788347678373959e-06,1.0165201350210528e-06
0.028666552876903565,1.6723161268807456e-06,9.826147420458258e-07
0.028573479653277258,1.5807921273009924e-06,9.548473789198779e-07
0.028481008845337847,1.5244692195561146e-06,9.32184309516249e-07
0.028389134623256113,1.4221849986504981e-06,8.88825928507013e-07
0.028297851232184548,1.3913099898690916e-06,8.913195558312415e-07
0.02820715299105575,1.3205802204803892e-06,8.483014723723636e-07
0.02811703429140382,1.2776309021303386e-06,8.387668661902116e-07
0.028027489596208266,1.2404381228832064e-06,8.131426030110668e-07
0.02793851343875999,1.1837400340089457e-06,7.953151505967918e-07
0.027850100421548722,1.1535933977141728e-06,7.843595773524349e-07
0.027762245215171597,1.1198361586291138e-06,7.692768477553135e-07
0.027674942557262255,1.0888853400391228e-06,7.524117382128631e-07
0.027588187251440112,1.0543426525677346e-06,7.346502511513438e-07
0.027501974166279364,1.0242401222736816e-06,7.24732589672315e-07
0.027416298234297188,1.0113414593982496e-06,7.134630773250406e-07
0.027331154450960855,9.75702780338676e-07,7.034073433976645e-07
0.027246537873713304,9.507635581672583e-07,6.880905891109431e-07
0.027162443621016653,9.30038538081655e-07,6.760026925263037e-07
0.027078866871413525,9.291443071674994e-07,6.762761684205607e-07
0.026995802862605507,9.022964354686483e-07,6.578983143770667e-07
0.026913246890548612,8.799487506722832e-07,6.440378018649574e-07
0.02683119430856523,8.703543560261244e-07,6.435033431026006e-07
0.02674964052647233,8.456339307756151e-07,6.273753497951113e-07
0.026668581009725443,8.435833096736609e-07,6.221154576652547e-07
0.026588011278578235,8.17787933030093e-07,6.064462694848717e-07
0.02650792690725722,8.144300180509711e-07,6.085315099500492e-07
0.026428323523151342,8.055619657044691e-07,5.959514867707049e-07
0.026349196806016155,7.779842492168049e-07,5.891530411004826e-07
0.02627054248719223,7.805102223573086e-07,5.849350053037053e-07
0.026192356348837487,7.604376402860304e-07,5.659104324821914e-07
0.02611463422317328,7.582784146129846e-07,5.733937589087382e-07
0.026037371991743774,7.501720984966109e-07,5.671756032247032e-07
0.025960565584688483,7.183939392213936e-07,5.451739671570408e-07
0.025884210980027637,7.331886630531436e-07,5.606032004863403e-07
0.025808304202960104,7.075084025769347e-07,5.423509235638877e-07
0.025732841325173672,7.121168709866916e-07,5.351342288555909e-07
0.025657818464167335,7.023901444155349e-07,5.36534451175553e-07
0.025583231782585453,6.89227344459601e-07,5.185999659157605e-07
0.02550907748756347,6.929671998676188e-07,5.24176403909677e-07
0.02543535183008496,6.629076181539293e-07,5.059334373308111e-07
0.025362051104349845,6.72958024810388e-07,5.146525456525358e-07
0.025289171647153434,6.599307526798663e-07,4.999124866158124e-07
0.025216709837276204,6.493093373854183e-07,4.959694046197142e-07
0.025144662094883984,6.545444172040663e-07,4.990228233144429e-07
0.02507302488093845,6.308136942916457e-07,4.853964529681091e-07
0.0250017946966176,6.312690735200155e-07,4.867695387555078e-07
0.024930968082746162,6.189660160896296e-07,4.7527928777397817e-07
0.024860541619235583,6.21571735559978e-07,4.790145885195675e-07
0.02479051192453351,6.234188484285123e-07,4.784965615886458e-07
0.024720875655082575,6.032349223042287e-07,4.616767350191118e-07
0.024651629504788226,6.08394048641177e-07,4.671814049552839e-07
0.024582770204495518,5.879439024725781e-07,4.5470966315373147e-07
0.024514294521474644,5.931607694426523e-07,4.562192057275546e-07
0.024446199258914985,5.886547442101049e-07,4.530263616689549e-07
0.02437848125542769,5.728710892587765e-07,4.411183197509618e-07
0.024311137384556345,5.815340763421728e-07,4.458098041403386e-07
0.024244164554295854,5.661659367155054e-07,4.3585043301210686e-07
0.02417755970661922,5.70063206879622e-07,4.389882714829515e-07
0.02411131981701204,5.539303359218039e-07,4.289916255554927e-07
0.02404544189401474,5.599956277076899e-07,4.30697536239811e-07
0.023979922978772196,5.546592474726314e-07,4.283394089305472e-07
0.02391476014459075,5.444348765810514e-07,4.194403834585708e-07
0.023849950496502428,5.436481217080296e-07,4.1579924689164217e-07
0.023785491170836205,5.340618779186734e-07,4.1269397034712435e-07
0.023721379334796216,5.322261357675025e-07,4.1226694342687634e-07
0.02365761218604676,5.305961265358504e-07,4.092276842567578e-07
0.023594186952304013,5.241949095377146e-07,4.043223508097048e-07
0.023531100890934215,5.227047741841826e-07,4.0233275716476117e-07
0.023468351288558387,5.136136577218953e-07,3.966023421723069e-07
0.023405935460663288,5.136316046912964e-07,3.979110184647507e-07
0.023343850751218555,5.089251193334821e-07,3.916351767905592e-07
0.02328209453229999,5.016391818210556e-07,3.921322454958436e-07
0.02322066420371872,5.021636711039505e-07,3.8944545393085433e-07
0.023159557192656305,4.921314425105763e-07,3.804346811361612e-07
0.0230987709533055,5.028724873742789e-07,3.871891395888507e-07
0.02303830296651674,4.8474741025021e-07,3.7749767790562346e-07
0.022978150739450122,4.859824960634812e-07,3.7571192665091927e-07
0.0229183118052328,4.816523661202716e-07,3.742624168755783e-07
0.022858783722621807,4.808420253580232e-07,3.7237155082082157e-07
0.02279956407567201,4.799743607253855e-07,3.7084587973072907e-07
0.02274065047340929,4.684096646593243e-07,3.6228495987705675e-07
0.022682040549508755,4.728405191114566e-07,3.665748386977613e-07
0.02262373196197788,4.667371474753974e-07,3.617102680965272e-07
0.022565722392844604,4.6281316954965785e-07,3.565721463776445e-07
0.02250800954785012,4.6423907804458863e-07,3.6145425479522245e-07
0.022450591156146418,4.5127001478432825e-07,3.498844125225173e-07
0.022393464969998462,4.628000864506238e-07,3.5982299043826877e-07
0.022336628764490853,4.493666239039803e-07,3.469468346033071e-07
0.022280080337238977,4.4490570933646693e-07,3.463721835283458e-07
0.022223817508104534,4.5091769494087844e-07,3.491695653262619e-07
0.022167838118915355,4.4076430151010756e-07,3.389926567115049e-07
0.02211214003318944,4.4750743721065395e-07,3.4454096253793965e-07
0.022056721135863145,4.295816893391468e-07,3.3256559256908816e-07
0.02200157933302349,4.3623114661490575e-07,3.3896588598152513e-07
0.021946712551644376,4.367193800231545e-07,3.382495517640038e-07
0.021892118739326855,4.2874548810985585e-07,3.299948852519176e-07
0.021837795864043167,4.3189045074405743e-07,3.343855268626965e-07
0.021783741913884644,4.187258967745724e-07,3.232465790420901e-07
0.021729954896813324,4.246943953446205e-07,3.291752300453541e-07
0.021676432840417228,4.232302341075812e-07,3.249752972460659e-07
0.021623173791669278,4.115179016239866e-07,3.187013508161074e-07
0.021570175816689695,4.222268583310985e-07,3.2957098151557664e-07
0.02151743700051197,4.0855056629660693e-07,3.1630272940862547e-07
0.021464955446852188,4.1380043588286027e-07,3.202570700429291e-07
0.02141272927788174,4.0740583564311305e-07,3.1505730859356214e-07
0.021360756634003386,4.0247376709832055e-07,3.108067608785329e-07
0.021309035673630496,4.0454936996245066e-07,3.1189297454149653e-07
0.021257564572969557,4.008728520202471e-07,3.0959984287543367e-07
0.021206341525805774,4.0557471615402993e-07,3.132142482781786e-07
0.021155364743291816,3.913111764616045e-07,3.0134177521544506e-07
0.02110463245373956,3.9713351796099753e-07,3.064839406366178e-07
0.021054142902414818,3.9205491600239214e-07,3.0260104799102935e-07
0.021003894351335074,3.962598077801776e-07,3.0459772924514487e-07
0.020953885079069992,3.8594262873705655e-07,2.976923992907791e-07
0.020904113380544882,3.8232702172526127e-07,2.9616653426514605e-07
0.020854577566846912,3.9044808523454246e-07,3.0073136186255724e-07
0.020805275965034033,3.816798171541101e-07,2.9369574553347465e-07
0.020756206917946687,3.8249471676854924e-07,2.954766438821626e-07
0.020707368784022104,3.7647847315673123e-07,2.918768935417896e-07
0.02065875993711126,3.7724437746295793e-07,2.931176135957378e-07
0.02061037876629835,3.7741527506205576e-07,2.912498389340569e-07
0.020562223675722885,3.68341828974402e-07,2.8501207351525383e-07
0.020514293084404188,3.708584685312344e-07,2.8681434767485577e-07
0.020466585426068364,3.686000554869292e-07,2.842913475108764e-07
0.020419099148977715,3.701201456813577e-07,2.8539440554594517e-07
0.020371832715762494,3.70611511340617e-07,2.8543755764583946e-07
0.020324784603254955,3.5408609332740156e-07,2.7402957086803375e-07
0.020277953302325798,3.658869660377817e-07,2.8185708589764065e-07
0.02023133731772275,3.563984464061382e-07,2.740846981628891e-07
0.020184935167911457,3.6344980182416714e-07,2.816325892762752e-07
0.020138745384918524,3.569245094641759e-07,2.7395103543511144e-07
0.020092766514176703,3.5223608573021945e-07,2.729287131370642e-07
0.0200469971143722,3.5652721797410985e-07,2.7596769097075925e-07
0.02000143575729408,3.484484135256135e-07,2.6808466718922673e-07
0.019956081027685705,3.5132327087086507e-07,2.711789901519493e-07
0.019910931523098183,3.479119816441079e-07,2.6850729939822344e-07
0.019865985853745813,3.4753515147950386e-07,2.6868676824989e-07
0.019821242642363505,3.530067461218938e-07,2.732225213757462e-07
0.019776700524066056,3.371943014416458e-07,2.609520071545871e-07
0.019732358146209408,3.4415292275442274e-07,2.651072946502753e-07
0.01968821416825368,3.410832531312789e-07,2.610428700546621e-07
0.019644267261628115,3.4067036365560666e-07,2.6387569324451326e-07
0.01960051610959776,3.4809848055310123e-07,2.681930443093151e-07
0.01955695940713199,3.270612995759312e-07,2.5248998070101594e-07
0.019513595860774714,3.372972113375935e-07,2.6095098705372793e-07
0.019470424188516362,3.3168821253751943e-07,2.5775108247403685e-07
0.019427443119667542,3.361960970348985e-07,2.6018618264968737e-07
0.019384651394734352,3.321233269219333e-07,2.5577953958647455e-07
0.019342047765295373,3.276817000507371e-07,2.5391806666627735e-07
0.019299630993880258,3.338724769792241e-07,2.5723859521447444e-07
0.01925739985384988,3.238986708203601e-07,2.499388578274852e-07
0.01921535312927816,3.256394844574161e-07,2.5067609571749497e-07
0.019173489614835285,3.2446367709529706e-07,2.50413258227169e-07
0.019131808115672597,3.234568413753276e-07,2.4969142514103913e-07
0.019090307447308885,3.286001096580444e-07,2.528137432211113e-07
0.019048986435518174,3.1646668865245373e-07,2.4367891547505727e-07
0.019007843916218996,3.226763987757669e-07,2.494537045201038e-07
0.018966878735365074,3.188628518051816e-07,2.4484876098239355e-07
0.018926089748837412,3.1954979238037556e-07,2.461396824149961e-07
0.01888547582233776,3.178374756450263e-07,2.449245072752023e-07
0.018845035831283503,3.116322081458043e-07,2.391480280407803e-07
0.01880476866070384,3.197867913903336e-07,2.4625182060434536e-07
0.018764673205137306,3.124387391910179e-07,2.4073048188828473e-07
0.01872474836853063,3.142515451267502e-07,2.4089473056488716e-07
0.018684993064138844,3.078942582164222e-07,2.3659263290477063e-07
0.018645406214426685,3.1084950256077583e-07,2.390922097165781e-07
0.018605986750971238,3.139229427082695e-07,2.4241492632330823e-07
0.018566733614365814,3.0761271186874836e-07,2.3589457159447675e-07
0.018527645754125042,3.052804391768037e-07,2.3606074152917184e-07
0.018488722128591165,3.049668039632132e-07,2.3473176396886683e-07
0.018449961704841502,3.0714305308799883e-07,2.3627132309675003e-07
0.018411363458597063,3.072912869260113e-07,2.374699916623772e-07
0.018372926374132348,2.9802128248604176e-07,2.2886904050440767e-07
0.01833464944418624,3.044202981299325e-07,2.3319041503326127e-07
0.018296531669874005,2.9872077912719633e-07,2.302804841943688e-07
0.018258572060600407,3.038398647910304e-07,2.3317140425526746e-07
0.018220769633973902,2.9886707206703005e-07,2.2926232885913472e-07
0.018183123415721893,2.9788507645091334e-07,2.2881144015884603e-07
0.018145632439607002,3.023730730851061e-07,2.328142394528545e-07
0.018108295747344436,2.923584224710024e-07,2.2691215491271171e-07
0.01807111238852032,3.0032700706467884e-07,2.3146397819100218e-07
0.018034081420511053,2.8822855331856186e-07,2.2178592718146434e-07
0.017997201908403673,2.9368844682870597e-07,2.255421924300178e-07
0.017960472924917134,2.983387335294316e-07,2.2893330578638986e-07
0.017923893550324633,2.912218024931857e-07,2.2431223387295102e-07
0.017887462872376823,2.916117530315961e-07,2.2477465056568328e-07
0.017851179986225957,2.8863107714259906e-07,2.226293859478e-07
0.017815043994351003,2.8922616446326515e-07,2.2256914272491726e-07
0.017779054006483625,2.9102722813542695e-07,2.2355680778788772e-07
0.017743209139535074,2.840350802401474e-07,2.187598117194991e-07
0.017707508517523937,2.9242887435875167e-07,2.2481808128950252e-07
0.01767195127150481,2.8403328063572276e-07,2.187556666379118e-07
0.017636536539497788,2.8585564052558395e-07,2.2128752663556807e-07
0.017601263466418788,2.8652881268162244e-07,2.2066408418015622e-07
0.01756613120401077,2.805544198237502e-07,2.1671926170947518e-07
0.01753113891077569,2.875129584113295e-07,2.219362160725763e-07
0.017496285751907346,2.8083903077329565e-07,2.1600295285475309e-07
0.017461570899224992,2.848093749458568e-07,2.1847185262915785e-07
0.017426993531107715,2.7845319374556327e-07,2.142780320351564e-07
0.017392552832429634,2.820027436629019e-07,2.1761149446408876e-07
0.017358247994495847,2.8375823476280547e-07,2.1873900313375124e-07
0.017324078214979128,2.78593925149611e-07,2.1501970645782151e-07
0.01729004269785736,2.7974225961806965e-07,2.1466803554070583e-07
0.017256140653351754,2.7665499981629233e-07,2.1311816782294255e-07
0.017222371297865746,2.8054414212152656e-07,2.1653764396832e-07
0.0171887338539246,2.7645951537389846e-07,2.1220452892711747e-07
0.01715522755011578,2.2345868562827254e-07,1.819850592112421e-07
0.017121851621029954,1.532543216456599e-07,1.379553327326706e-07
0.017088605307202707,1.3058998858359868e-07,1.212585005222255e-07
0.01705548785505697,1.1912281253251211e-07,1.1343781955970102e-07
0.01702249851684603,1.0847622917431239e-07,1.0253326073459018e-07
0.01698963655059729,1.0163724937512997e-07,9.462524505306315e-08
0.01695690122005664,9.660128483144802e-08,8.895857879003083e-08
0.016924291794633454,8.935778804161019e-08,8.232576411728314e-08
0.01689180754934625,8.678946072689781e-08,7.659935414164892e-08
0.016859447764768956,7.888285452526803e-08,7.016434572460063e-08
0.016827211726977813,7.683673787006147e-08,6.815383072036879e-08
0.016795098727498844,7.097318577157654e-08,6.321720310813844e-08
0.016763108063255993,6.830851141155291e-08,6.180296433004642e-08
0.016731239036519765,6.392890894079758e-08,5.928691164768809e-08
0.01669949095485654,6.016141252298653e-08,5.511815495591733e-08
0.016667863131078403,5.855489389753417e-08,5.4169908193070075e-08
0.016636354883193566,5.546880270403901e-08,4.9603586398897996e-08
0.01660496553435735,5.312388598644959e-08,4.842217297246736e-08
0.016573694412823723,5.1752301201334285e-08,4.652917047286343e-08
0.01654254085189736,4.653888440526444e-08,4.136959459325464e-08
0.016511504189886297,4.7816337633163594e-08,4.11274818158085e-08
0.016480583770055048,4.193078975662205e-08,3.727292301284461e-08
0.01644977894057831,3.999074238856982e-08,3.57839891847092e-08
0.01641908905449514,3.7248113641328644e-08,3.3443344460999946e-08
0.01638851346966368,3.599519060418638e-08,3.418303585243369e-08
0.016358051548716352,3.502015668423747e-08,3.1208820785213797e-08
0.016327702659015574,3.109507281176094e-08,2.7588621742952386e-08
0.016297466172609992,3.0349713151754464e-08,2.7225164313238286e-08
0.016267341466191118,2.8426367538710913e-08,2.5205191567268898e-08
0.016237327921050544,2.6693220369788314e-08,2.277578928205687e-08
0.01620742492303756,2.645548119179442e-08,2.2067545121501556e-08
0.01617763186251727,2.3609859430856715e-08,1.9425357946728862e-08
0.016147948134329165,2.416171831723036e-08,1.9355237806625363e-08
0.016118373137746146,2.2212510422323048e-08,1.755529207585472e-08
0.016088906276433997,2.15668347085093e-08,1.7741851739729553e-08
0.016059546958411306,2.0557026495875893e-08,1.6815742281287846e-08
0.01603029459600983,1.8642008358696326e-08,1.508139613550252e-08
0.016001148605835267,1.893276292170213e-08,1.5370397306031074e-08
0.015972108408728484,1.7644256141582018e-08,1.4699046138073457e-08
0.015943173429727165,1.723512078107393e-08,1.4559448911893928e-08
0.01591434309802784,1.66481455346277e-08,1.4058346536721885e-08
0.015885616846948367,1.537690073168429e-08,1.2597118897143673e-08
0.015856994113890802,1.5837195370986168e-08,1.3224819804439878e-08
0.01582847434030467,1.4537072872923738e-08,1.2492636224385703e-08
0.01580005697165062,1.5070130627473054e-08,1.206905061646943e-08
0.015771741457364506,1.4130212493992582e-08,1.1420549257727862e-08
0.01574352725082182,1.335066758410231e-08,1.0537118991621255e-08
0.015715413809302494,1.4079761224469827e-08,1.1216416812595467e-08
0.015687400593956142,1.2194880404609956e-08,9.494202073691587e-09
0.015659487069767608,1.1880402593890798e-08,9.299282997912703e-09
0.015631672705522903,1.1853493552783826e-08,8.885018658042958e-09
0.015603956973775524,1.1738993401116862e-08,9.539682880544468e-09
0.015576339350813088,1.1072086881453968e-08,9.123680518640759e-09
0.015548819316624373,1.031745384469217e-08,8.011779398757366e-09
0.01552139635486666,9.9589455606974e-09,7.545684715075835e-09
0.015494069952833443,1.0372417327321009e-08,7.635302647424161e-09
0.015466839601422488,1.004347041516711e-08,7.1985835073153596e-09
0.015439704795104202,9.06672561354968e-09,6.452461828652077e-09
0.015412665031890361,9.06204872999902e-09,6.177597319358816e-09
0.01538571981330314,8.981856351881494e-09,6.434499247486915e-09
0.015358868644344494,8.277107114878694e-09,5.967512504893822e-09
0.015332111033465847,7.632563894338648e-09,5.036623528730453e-09
0.015305446492538078,7.346124433481983e-09,4.44330696124198e-09
0.015278874536821868,7.144552018928965e-09,3.855615803343671e-09
0.015252394684938296,6.45204788465714e-09,3.421795196713976e-09
0.015226006458839784,6.135947936672794e-09,2.976830922362692e-09
0.01519970938378134,5.882791088405088e-09,2.546917459183189e-09
0.015173502988292061,5.107348623903178e-09,2.229711790678468e-09
0.01514738680414698,4.257326501429055e-09,1.7486020224274743e-09
0.015121360366339166,3.8528812965075145e-09,1.4825142417160585e-09
0.015095423213052137,3.166599064846092e-09,1.2126409896534592e-09
0.015069574885632526,2.7648746565507117e-09,1.063610025375992e-09
0.01504381492856307,2.189572948295991e-09,9.799358246390758e-10
0.01501814288943583,1.934153983571464e-09,9.288898688946338e-10
0.014992558318925715,1.4344189843556817e-09,8.760217575195723e-10
0.014967060770764278,1.241060528058896e-09,8.600481523791428e-10
0.014941649801713747,1.0591127903580252e-09,8.542867735340529e-10
0.014916324971541347,9.804853860762683e-10,8.515924855114604e-10
0.014891085842993902,9.257929186719177e-10,8.527247059755577e-10
0.014865931981772627,8.623685824328319e-10,8.565575710736044e-10
0.014840862956508254,8.389393359456509e-10,8.576629170270918e-10
0.014815878338736354,8.072608354294013e-10,8.592235540759077e-10
0.014790977702872934,7.872718739320772e-10,8.605626052320657e-10
0.014766160626190261,7.682769892920344e-10,8.612819410463483e-10
0.014741426688792957,7.42081342978388e-10,8.607120623856883e-10
0.014716775473594308,7.338929476737895e-10,8.612122276271898e-10
0.014692206566292814,7.153066693010307e-10,8.588001195344168e-10
0.014667719555348993,7.091168803605718e-10,8.593360926369519e-10
0.01464331403196239,6.930212162928888e-10,8.576634555097467e-10
0.014618989590048828,6.810327760523991e-10,8.55023006244379e-10
0.014594745826217904,6.736206176003843e-10,8.550185163444074e-10
0.014570582339750655,6.595173246988791e-10,8.50963650072231e-10
0.014546498732577512,6.543727183408423e-10,8.507753614657163e-10
0.014522494609256427,6.430921032006657e-10,8.480810388647923e-10
0.01449856957695123,6.366170773737301e-10,8.455501533268009e-10
0.01447472324541019,6.331143799234447e-10,8.454808369784414e-10
0.01445095522694482,6.15077769568929e-10,8.390368057914944e-10
0.014427265136408846,6.197619527203756e-10,8.408456405789173e-10
0.014403652591177407,6.04163232188767e-10,8.354351919987633e-10
0.014380117211126463,6.044676990731971e-10,8.3510208473101e-10
0.014356658618612392,6.013937003252516e-10,8.34407444905694e-10
0.014333276438451783,5.85225340400962e-10,8.273274325942872e-10
0.014309970297901457,5.888087170484352e-10,8.289101956738545e-10
0.014286739826638629,5.774660041202109e-10,8.238886712514576e-10
0.01426358465674132,5.776886243811678e-10,8.237485021661181e-10
0.014240504422668925,5.733899664882365e-10,8.220122663181623e-10
0.014217498761242965,5.622811339320688e-10,8.161331633000799e-10
0.014194567311628057,5.646032042548841e-10,8.174242071788089e-10
0.014171709715313036,5.546549672258671e-10,8.121686969414547e-10
0.014148925616092276,5.540916949806134e-10,8.117323201251696e-10
0.014126214660047183,5.488927251641386e-10,8.089618144791071e-10
0.014103576495527877,5.442959665631654e-10,8.061790104356521e-10
0.014081010773135035,5.43138379448204e-10,8.055999554884115e-10
0.01405851714570191,5.365673202521932e-10,8.015496633853438e-10
0.014036095268276549,5.343084109055495e-10,8.002657425738951e-10
0.014013744798104133,5.306091013122709e-10,7.978491514408735e-10
0.01399146539460953,5.268282109178804e-10,7.955231873540295e-10
0.013969256719379994,5.262378149990583e-10,7.951134833259204e-10
0.013947118436148011,5.188327550582065e-10,7.902547108028231e-10
0.01392505021077436,5.187314491926398e-10,7.901755951605111e-10
0.01390305171123127,5.142586445285558e-10,7.8710049654574e-10
0.013881122607585793,5.121863299912985e-10,7.857162553679222e-10
0.0138592625719833,5.095583429699551e-10,7.838738298204879e-10
0.013837471278631122,5.058362203566945e-10,7.812374829851274e-10
0.013815748403782408,5.050083283466924e-10,7.806496091953117e-10
0.013794093625720056,4.99985024250462e-10,7.770121176702084e-10
0.013772506624740836,4.99036090299592e-10,7.763221505113927e-10
0.013750987083139678,4.9541375025301e-10,7.736367428785466e-10
0.013729534685194066,4.939720803186311e-10,7.725591710414843e-10
0.01370814911714859,4.928451549985326e-10,7.716990656268442e-10
0.01368683006719968,4.877323382580232e-10,7.678196891286524e-10
0.013665577225480426,4.873361570463476e-10,7.675160878988062e-10
0.013644390284045573,4.836350146270626e-10,7.646342300786986e-10
0.013623268936856649,4.832153031760102e-10,7.642860825912201e-10
0.013602212879767225,4.811832776362732e-10,7.627115023012775e-10
0.013581221810508326,4.771933416226006e-10,7.595170144939232e-10
0.013560295428673952,4.771114313971637e-10,7.594577570245709e-10
0.01353943343570676,4.729377425426065e-10,7.561018490130675e-10
0.013518635534883862,4.733645441965567e-10,7.563958381336469e-10
0.013497901431302754,4.702120235244341e-10,7.538480989800918e-10
0.013477230831867373,4.685757636723815e-10,7.52475355067854e-10
0.013456623445274304,4.679399344845582e-10,7.519421589429788e-10
0.013436078981999076,4.644322220747905e-10,7.490166442225488e-10
0.013415597154282614,4.6433019807845944e-10,7.489194688293887e-10
0.013395177676117798,4.612193404671717e-10,7.462983551780299e-10
0.01337482026323616,4.602804516524135e-10,7.45489183973534e-10
0.013354524633094682,4.5998494770294604e-10,7.45216837884396e-10
0.013334290504862718,4.5613400178493943e-10,7.419280323246904e-10
0.013314117599409068,4.5675180433385716e-10,7.424328473256553e-10
0.013294005639289118,4.5366278247111377e-10,7.397654256470842e-10
0.013273954348732119,4.5314746065829534e-10,7.392999357577764e-10
0.013253963453628606,4.513856274883904e-10,7.377610463485674e-10
0.013234032681517889,4.4980036972480837e-10,7.363527739033263e-10
0.013214161761575667,4.49886316570854e-10,7.364152935991813e-10
0.01319435042460179,4.467924993589759e-10,7.336803662745104e-10
0.013174598403008074,4.466821243428465e-10,7.335653878589734e-10
0.01315490543080627,4.445672577129989e-10,7.316765742495191e-10
0.01313527124359611,4.4414647358755816e-10,7.31281364899684e-10
0.013115695578553493,4.4334042819875253e-10,7.305560333964346e-10
0.013096178174418743,4.408920316118173e-10,7.28337749734208e-10
0.013076718771484985,4.4082719596270493e-10,7.282704738713245e-10
0.013057317111586638,4.3902519532581546e-10,7.266223608467283e-10
0.013037972938087991,4.3874978287003167e-10,7.263622108255626e-10
0.013018685995871887,4.374607584489245e-10,7.25180780419432e-10
0.0129994560313285,4.3601703401886814e-10,7.238449936166771e-10
0.01298028279234424,4.357270799906432e-10,7.235726499052667e-10
0.012961166028290715,4.339245541073186e-10,7.218979050453732e-10
0.012942105490013817,4.33697925042984e-10,7.216834649821211e-10
0.012923100929822899,4.3261991159237217e-10,7.206716044814994e-10
0.012904152101480052,4.3147284294788646e-10,7.196015515939407e-10
0.012885258760189451,4.3156368186534353e-10,7.196767880270487e-10
0.012866420662586834,4.294319403359845e-10,7.17677479185467e-10
0.012847637566729042,4.2971038262159897e-10,7.179306054937553e-10
0.012828909232083668,4.280934036169632e-10,7.164044815054429e-10
0.012810235419518768,4.2794337065423575e-10,7.162566582110615e-10
0.012791615891292723,4.2728949640924047e-10,7.15635744967767e-10
0.012773050411044116,4.260488859069357e-10,7.144528607545936e-10
0.012754538743781732,4.258196340007516e-10,7.142325345001026e-10
0.012736080655874666,4.247909316955328e-10,7.132459363725305e-10
0.012717675915042477,4.24320627113776e-10,7.127958074578714e-10
0.012699324290345447,4.238994646268778e-10,7.123871708373718e-10
0.01268102555217492,4.2281730199334383e-10,7.113486652494772e-10
0.012662779472243733,4.2305293838368404e-10,7.115709755834167e-10
0.012644585823576717,4.2154472056992264e-10,7.101172929902396e-10
0.012626444380501284,4.218763592580662e-10,7.104345325798277e-10
0.0126083549186381,4.205622466118368e-10,7.091626923292538e-10
0.012590317214891837,4.2064900867727e-10,7.092451205819263e-10
0.012572331047441992,4.202011265683074e-10,7.088090900591841e-10
0.012554396195733801,4.193186321190972e-10,7.079513521184488e-10
0.012536512440469223,4.1942574771068145e-10,7.080533651806756e-10
0.012518679563598001,4.1843650873171986e-10,7.07089393099139e-10
0.012500897348308799,4.185971274188812e-10,7.072450005940834e-10
0.012483165579020418,4.1779515277893126e-10,7.064611080473996e-10
0.012465484041373081,4.176982053629019e-10,7.063654358691556e-10
0.012447852522219796,4.172634055541848e-10,7.05939296869491e-10
0.01243027080961779,4.1691762939333357e-10,7.055999875228392e-10
0.01241273869282002,4.166927425640254e-10,7.053787592610615e-10
0.012395255962266755,4.162705357280011e-10,7.049637998521372e-10
0.012377822409577209,4.162610788175504e-10,7.049540352495358e-10
0.012360437827541284,4.1591868799082177e-10,7.046170535183078e-10
0.012343102010111354,4.156916129895344e-10,7.043933684648609e-10
0.01232581475239411,4.154780631150729e-10,7.041829880684701e-10
0.01230857585064251,4.1529139866603395e-10,7.039988714110329e-10
0.012291385102247757,4.151182114901531e-10,7.038277708044516e-10
0.012274242305731374,4.150161495507529e-10,7.037268249245412e-10
0.012257147260737318,4.1488307817052416e-10,7.035953093091506e-10
0.012240099768024192,4.147633359619522e-10,7.034772189661354e-10
0.012223099629457492,4.1467023022646217e-10,7.033855285474224e-10
0.012206146648001934,4.145904835818586e-10,7.03306718439799e-10
0.012189240627713843,4.1453741561730603e-10,7.032536243704901e-10
0.012172381373733603,4.14497690177339e-10,7.032133173274205e-10
0.012155568692278169,4.144844728574849e-10,7.031997154084366e-10
0.012138802390633648,4.1447787076080544e-10,7.031928743342657e-10
